episode,timestep,reward
44, 1500, -0.5041
80, 3000, -0.4507
123, 4500, -0.54
164, 6000, -0.4287
210, 7500, -0.2843
256, 9000, -0.3056
302, 10500, -0.2914
347, 12000, -0.4479
392, 13500, -0.5444
440, 15000, -0.2729
492, 16500, -0.3321
540, 18000, -0.1632
593, 19500, -0.2367
646, 21000, -0.2378
698, 22500, -0.2516
751, 24000, -0.2517
809, 25500, -0.2321
865, 27000, -0.3222
920, 28500, -0.3345
976, 30000, -0.3312
1040, 31500, -0.2208
1106, 33000, -0.205
1164, 34500, -0.2252
1227, 36000, -0.2184
1289, 37500, -0.2145
1350, 39000, -0.3008
1409, 40500, -0.2355
1463, 42000, -0.3344
1523, 43500, -0.2192
1584, 45000, -0.232
1645, 46500, -0.2218
1707, 48000, -0.2154
1762, 49500, -0.3329
1821, 51000, -0.2321
1872, 52500, -0.2967
1924, 54000, -0.2598
1980, 55500, -0.2247
2035, 57000, -0.2373
2090, 58500, -0.2417
2143, 60000, -0.3371
2198, 61500, -0.2394
2255, 63000, -0.2384
2308, 64500, -0.2414
2360, 66000, -0.2593
2406, 67500, -0.2017
2455, 69000, -0.3746
2503, 70500, -0.5001
2550, 72000, -0.406
2597, 73500, -0.2694
2644, 75000, -0.2834
2694, 76500, -0.1662
2736, 78000, -0.6367
2784, 79500, -0.3697
2832, 81000, -0.3702
2873, 82500, -0.4074
2920, 84000, -0.2683
2969, 85500, -0.6912
3016, 87000, -0.2908
3064, 88500, -0.2859
3113, 90000, -0.3833
3162, 91500, -0.372
3212, 93000, -0.3901
3258, 94500, -0.2971
3305, 96000, -0.299
3354, 97500, -0.2788
3408, 99000, -0.3501
3459, 100500, -0.1632
3509, 102000, -0.2858
3558, 103500, 0.0409
3606, 105000, -0.5138
3650, 106500, -0.2941
3695, 108000, -0.3095
3736, 109500, -0.4411
3778, 111000, -0.3354
3822, 112500, -0.3188
3866, 114000, -0.3349
3905, 115500, -0.3698
3944, 117000, -0.233
3984, 118500, -0.2225
4026, 120000, -0.5834
4064, 121500, -0.7629
4104, 123000, -0.6258
4143, 124500, -0.2052
4184, 126000, -0.2035
4229, 127500, -0.421
4271, 129000, -0.3297
4312, 130500, -0.2176
4350, 132000, 0.0572
4387, 133500, -0.6455
4425, 135000, 0.0199
4462, 136500, 0.0736
4497, 138000, -0.2388
4534, 139500, -0.0813
4571, 141000, -0.2211
4608, 142500, 0.1879
4645, 144000, -0.4897
4682, 145500, 0.3497
4718, 147000, -0.3377
4756, 148500, 0.2086
4793, 150000, 0.018
4829, 151500, -0.2074
4866, 153000, -0.2243
4902, 154500, 0.3256
4937, 156000, 0.2174
4971, 157500, 0.3971
5006, 159000, 0.2041
5040, 160500, 0.9958
5074, 162000, 0.3979
5107, 163500, 0.1029
5141, 165000, -0.0603
5173, 166500, 1.1225
5206, 168000, 1.5063
5238, 169500, 0.9627
5272, 171000, 1.628
5306, 172500, 1.3317
5339, 174000, 0.2951
5367, 175500, 2.4013
5398, 177000, 2.2386
5427, 178500, 1.0731
5458, 180000, 0.2525
5488, 181500, 1.5949
5520, 183000, 1.7541
5550, 184500, 1.4634
5582, 186000, 1.7033
5612, 187500, 2.3092
5645, 189000, 0.765
5677, 190500, 2.3532
5706, 192000, 3.9816
5737, 193500, 2.7521
5766, 195000, 2.7365
5795, 196500, 3.2465
5824, 198000, 2.6708
5853, 199500, 3.4975
5882, 201000, 3.4111
5910, 202500, 2.8103
5939, 204000, 4.2618
5967, 205500, 3.8642
5995, 207000, 3.2792
6022, 208500, 3.6896
6050, 210000, 3.6545
6077, 211500, 3.8864
6104, 213000, 4.4753
6132, 214500, 4.8301
6160, 216000, 4.3222
6190, 217500, 2.2661
6218, 219000, 3.7359
6247, 220500, 3.0886
6274, 222000, 4.3187
6301, 223500, 5.2387
6328, 225000, 5.1285
6355, 226500, 5.2806
6382, 228000, 5.1336
6409, 229500, 4.1436
6437, 231000, 5.1316
6465, 232500, 4.7246
6491, 234000, 4.7825
6518, 235500, 5.0985
6545, 237000, 5.0918
6572, 238500, 5.3652
6599, 240000, 4.7079
6626, 241500, 5.1302
6655, 243000, 4.1092
6682, 244500, 3.8299
6709, 246000, 5.2369
6735, 247500, 5.0449
6763, 249000, 5.0545
6789, 250500, 5.4004
6816, 252000, 5.3655
6843, 253500, 5.2128
6871, 255000, 5.1654
6897, 256500, 5.3758
6925, 258000, 5.2706
6952, 259500, 5.4673
6979, 261000, 5.0082
7006, 262500, 5.0717
7033, 264000, 5.346
7059, 265500, 5.8094
7085, 267000, 5.2667
7111, 268500, 5.5464
7138, 270000, 5.7324
7163, 271500, 5.3826
7189, 273000, 5.5258
7215, 274500, 5.9083
7241, 276000, 5.6111
7267, 277500, 5.9657
7293, 279000, 5.7749
7318, 280500, 5.5128
7343, 282000, 5.598
7369, 283500, 4.8065
7395, 285000, 5.1763
7421, 286500, 5.4397
7447, 288000, 5.5625
7473, 289500, 5.6136
7498, 291000, 5.6997
7524, 292500, 5.5404
7549, 294000, 5.5707
7574, 295500, 5.6324
7599, 297000, 5.6565
7624, 298500, 5.5251
7650, 300000, 5.6714
7676, 301500, 5.6939
7702, 303000, 5.6702
7727, 304500, 6.1336
7751, 306000, 5.8757
7776, 307500, 5.5268
7801, 309000, 5.6507
7825, 310500, 5.9073
7851, 312000, 5.2368
7876, 313500, 5.5887
7901, 315000, 5.147
7926, 316500, 5.6433
7951, 318000, 6.1269
7976, 319500, 6.6598
8002, 321000, 5.7518
8027, 322500, 5.8213
8052, 324000, 5.6762
8078, 325500, 5.641
8104, 327000, 5.6433
8130, 328500, 5.728
8155, 330000, 5.6467
8181, 331500, 5.2902
8207, 333000, 5.175
8232, 334500, 5.5304
8258, 336000, 4.9678
8283, 337500, 5.6704
8308, 339000, 5.6658
8334, 340500, 5.7441
8359, 342000, 6.215
8383, 343500, 6.0394
8408, 345000, 6.3021
8434, 346500, 6.0002
8458, 348000, 6.5081
8483, 349500, 5.5434
8508, 351000, 6.582
8533, 352500, 5.3967
8558, 354000, 5.7554
8582, 355500, 7.2173
8606, 357000, 6.2993
8631, 358500, 6.2541
8655, 360000, 5.8996
8678, 361500, 7.2817
8700, 363000, 7.5567
8723, 364500, 8.3945
8747, 366000, 6.1084
8769, 367500, 8.72
8792, 369000, 7.6624
8815, 370500, 6.6771
8838, 372000, 5.6247
8860, 373500, 8.4548
8882, 375000, 9.4169
8905, 376500, 9.0147
8927, 378000, 8.2059
8948, 379500, 8.1138
8970, 381000, 8.9047
8993, 382500, 8.0331
9016, 384000, 8.2167
9038, 385500, 10.3262
9060, 387000, 7.566
9082, 388500, 7.7867
9104, 390000, 10.3726
9126, 391500, 10.4686
9147, 393000, 11.2561
9167, 394500, 10.7771
9190, 396000, 10.9531
9210, 397500, 8.8245
9231, 399000, 11.0829
9252, 400500, 11.6476
9274, 402000, 10.1589
9295, 403500, 10.6765
9317, 405000, 9.8159
9338, 406500, 11.0877
9359, 408000, 12.2942
9381, 409500, 8.5485
9401, 411000, 12.1811
9422, 412500, 11.19
9444, 414000, 10.9324
9464, 415500, 14.6141
9485, 417000, 13.1513
9506, 418500, 10.9512
9526, 420000, 12.2086
9547, 421500, 11.2328
9568, 423000, 13.1844
9588, 424500, 11.6834
9609, 426000, 12.8952
9630, 427500, 12.3584
9650, 429000, 13.4222
9670, 430500, 13.8905
9691, 432000, 12.5585
9711, 433500, 13.3076
9731, 435000, 12.9228
9750, 436500, 14.3167
9770, 438000, 11.4405
9790, 439500, 14.3815
9810, 441000, 13.8352
9830, 442500, 13.3357
9850, 444000, 13.5593
9869, 445500, 13.4508
9889, 447000, 14.0792
9910, 448500, 14.0145
9930, 450000, 14.2924
9950, 451500, 13.1145
9970, 453000, 12.791
9990, 454500, 13.4619
10011, 456000, 12.2332
10031, 457500, 11.8464
10051, 459000, 12.436
10072, 460500, 13.0029
10092, 462000, 14.4894
10111, 463500, 13.4347
10130, 465000, 13.6756
10149, 466500, 14.7016
10170, 468000, 12.6134
10190, 469500, 14.0399
10209, 471000, 14.3659
10228, 472500, 13.2765
10248, 474000, 14.7779
10267, 475500, 14.4422
10287, 477000, 13.7562
10307, 478500, 12.5718
10328, 480000, 13.5082
10346, 481500, 13.1673
10365, 483000, 15.0787
10385, 484500, 14.8949
10405, 486000, 14.5876
10425, 487500, 12.8045
10444, 489000, 14.8614
10463, 490500, 13.6225
10481, 492000, 15.5588
10499, 493500, 14.6125
10517, 495000, 11.8193
10535, 496500, 15.7793
10555, 498000, 13.9458
10574, 499500, 14.7879
10593, 501000, 15.6364
10612, 502500, 14.8207
10632, 504000, 14.1467
10649, 505500, 15.5541
10668, 507000, 16.2998
10687, 508500, 14.6396
10707, 510000, 14.5459
10726, 511500, 15.4366
10743, 513000, 17.9804
10760, 514500, 16.1501
10777, 516000, 15.5476
10796, 517500, 15.799
10813, 519000, 17.235
10831, 520500, 15.1406
10847, 522000, 16.6494
10866, 523500, 16.5662
10883, 525000, 15.9468
10901, 526500, 15.5373
10918, 528000, 18.4438
10936, 529500, 16.832
10953, 531000, 18.4175
10969, 532500, 17.242
10985, 534000, 18.3982
11002, 535500, 18.6595
11021, 537000, 15.6402
11036, 538500, 16.8111
11051, 540000, 19.1062
11069, 541500, 17.5906
11085, 543000, 18.7626
11104, 544500, 16.3038
11121, 546000, 18.9893
11138, 547500, 19.1172
11156, 549000, 14.4069
11175, 550500, 17.0342
11190, 552000, 16.7951
11206, 553500, 17.4288
11224, 555000, 16.406
11240, 556500, 18.1779
11256, 558000, 18.6642
11273, 559500, 17.8445
11288, 561000, 17.5412
11304, 562500, 19.6756
11318, 564000, 18.6602
11334, 565500, 16.8947
11352, 567000, 17.2072
11368, 568500, 20.2885
11386, 570000, 18.5311
11403, 571500, 17.7607
11420, 573000, 19.0706
11438, 574500, 19.1552
11455, 576000, 19.3081
11469, 577500, 20.1899
11484, 579000, 20.777
11500, 580500, 19.3934
11514, 582000, 19.9071
11528, 583500, 21.3468
11543, 585000, 20.0198
11560, 586500, 18.0704
11576, 588000, 16.8493
11593, 589500, 17.8495
11607, 591000, 19.2755
11622, 592500, 22.5175
11636, 594000, 22.8849
11651, 595500, 19.1938
11663, 597000, 20.9856
11677, 598500, 22.7808
11692, 600000, 21.0207
11707, 601500, 19.5243
11721, 603000, 20.1176
11735, 604500, 16.4117
11750, 606000, 22.4069
11765, 607500, 19.803
11781, 609000, 17.4926
11797, 610500, 18.9604
11812, 612000, 20.5054
11826, 613500, 20.4179
11841, 615000, 19.8938
11856, 616500, 20.1881
11871, 618000, 20.3663
11886, 619500, 19.7409
11901, 621000, 18.2798
11916, 622500, 17.9779
11929, 624000, 21.8083
11945, 625500, 19.3515
11959, 627000, 20.6035
11972, 628500, 22.8251
11986, 630000, 21.3327
12000, 631500, 22.6857
12014, 633000, 22.3259
12030, 634500, 20.8754
12044, 636000, 22.2599
12059, 637500, 20.8517
12073, 639000, 21.0407
12088, 640500, 23.2218
12102, 642000, 20.0239
12114, 643500, 24.8102
12129, 645000, 22.1198
12142, 646500, 24.9549
12156, 648000, 21.122
12169, 649500, 22.2085
12183, 651000, 22.1744
12196, 652500, 25.2409
12209, 654000, 22.1605
12221, 655500, 22.9449
12233, 657000, 20.5375
12246, 658500, 24.0179
12260, 660000, 21.0936
12272, 661500, 26.8819
12285, 663000, 27.4223
12298, 664500, 23.8342
12310, 666000, 22.7473
12322, 667500, 24.6941
12337, 669000, 22.8689
12350, 670500, 22.8359
12363, 672000, 19.9005
12377, 673500, 21.7513
12389, 675000, 23.7707
12402, 676500, 24.0503
12416, 678000, 26.6161
12430, 679500, 22.9152
12442, 681000, 28.4058
12455, 682500, 25.9864
12466, 684000, 29.9932
12479, 685500, 25.5688
12492, 687000, 25.1456
12505, 688500, 21.343
12519, 690000, 23.0876
12532, 691500, 23.5041
12545, 693000, 26.8658
12559, 694500, 28.9799
12572, 696000, 24.5989
12585, 697500, 26.0457
12599, 699000, 24.7085
12611, 700500, 28.1984
12626, 702000, 19.5382
12640, 703500, 25.5677
12653, 705000, 24.6145
12666, 706500, 23.9673
12679, 708000, 24.4745
12693, 709500, 26.1715
12707, 711000, 23.7758
12721, 712500, 26.4144
12733, 714000, 27.962
12746, 715500, 24.4396
12758, 717000, 29.0285
12771, 718500, 30.403
12784, 720000, 30.5389
12798, 721500, 24.8093
12811, 723000, 27.2717
12823, 724500, 28.5361
12837, 726000, 27.172
12850, 727500, 25.2817
12864, 729000, 27.3844
12877, 730500, 25.2247
12890, 732000, 25.2893
12904, 733500, 29.1557
12916, 735000, 29.6442
12926, 736500, 30.8054
12929, 738000, 28.1639
12942, 739500, 28.2612
12956, 741000, 26.6103
12970, 742500, 23.7717
12982, 744000, 31.1622
12995, 745500, 29.4105
13009, 747000, 24.6676
13021, 748500, 31.7441
13034, 750000, 28.8358
13046, 751500, 25.9677
13058, 753000, 31.585
13073, 754500, 25.1098
13086, 756000, 27.869
13098, 757500, 36.8202
13110, 759000, 31.5571
13122, 760500, 33.8637
13135, 762000, 27.8569
13146, 763500, 35.7065
13158, 765000, 35.4731
13171, 766500, 32.0299
13184, 768000, 27.4455
13197, 769500, 25.2407
13210, 771000, 31.4554
13223, 772500, 28.5558
13236, 774000, 32.8843
13248, 775500, 32.6422
13260, 777000, 38.4075
13272, 778500, 37.2695
13284, 780000, 33.8899
13297, 781500, 27.7385
13309, 783000, 30.7031
13320, 784500, 35.823
13333, 786000, 32.4696
13344, 787500, 37.3762
13356, 789000, 32.3034
13370, 790500, 30.6537
13381, 792000, 39.0943
13394, 793500, 30.5808
13406, 795000, 31.2181
13419, 796500, 30.2377
13431, 798000, 35.5134
13444, 799500, 37.7149
13456, 801000, 30.748
13468, 802500, 31.4667
13479, 804000, 33.4794
13492, 805500, 34.0491
13504, 807000, 31.5102
13517, 808500, 33.4224
13530, 810000, 31.6969
13542, 811500, 34.2734
13554, 813000, 32.176
13566, 814500, 36.6433
13578, 816000, 28.1604
13591, 817500, 28.7183
13602, 819000, 33.7038
13615, 820500, 32.6135
13628, 822000, 30.4193
13641, 823500, 32.7909
13654, 825000, 32.9834
13667, 826500, 35.789
13681, 828000, 28.7204
13693, 829500, 37.4315
13706, 831000, 28.811
13719, 832500, 37.5814
13731, 834000, 31.0016
13743, 835500, 30.3408
13756, 837000, 32.3549
13768, 838500, 38.1156
13782, 840000, 31.4493
13794, 841500, 32.3374
13806, 843000, 39.0441
13818, 844500, 34.3562
13830, 846000, 39.4905
13843, 847500, 38.0356
13855, 849000, 31.8741
13867, 850500, 37.6591
13880, 852000, 35.5747
13893, 853500, 30.545
13906, 855000, 34.3838
13918, 856500, 37.2142
13930, 858000, 35.8892
13942, 859500, 43.4345
13956, 861000, 27.2557
13968, 862500, 42.7201
13981, 864000, 29.9835
13994, 865500, 36.0453
14005, 867000, 35.2966
14016, 868500, 38.5867
14029, 870000, 34.8564
14042, 871500, 36.4309
14056, 873000, 25.8921
14068, 874500, 33.7337
14080, 876000, 40.0699
14092, 877500, 35.7023
14104, 879000, 42.0075
14116, 880500, 38.5377
14129, 882000, 36.6134
14140, 883500, 38.5172
14153, 885000, 34.9104
14166, 886500, 31.031
14178, 888000, 44.1618
14190, 889500, 39.0189
14202, 891000, 38.2328
14214, 892500, 37.6219
14227, 894000, 37.52
14239, 895500, 39.0081
14251, 897000, 31.5516
14264, 898500, 37.7615
14275, 900000, 39.7978
14289, 901500, 33.253
14302, 903000, 35.6852
14315, 904500, 36.8495
14327, 906000, 34.2288
14339, 907500, 39.6233
14351, 909000, 43.3133
14362, 910500, 41.9531
14373, 912000, 39.5029
14385, 913500, 40.1731
14397, 915000, 35.8167
14411, 916500, 31.6998
14423, 918000, 34.5781
14433, 919500, 41.3922
14447, 921000, 33.8332
14460, 922500, 42.7292
14472, 924000, 35.0349
14484, 925500, 35.5748
14497, 927000, 37.7135
14510, 928500, 35.8847
14522, 930000, 36.7199
14533, 931500, 46.8809
14545, 933000, 42.6248
14557, 934500, 43.4245
14570, 936000, 37.596
14583, 937500, 39.9608
14593, 939000, 43.6394
14606, 940500, 36.2084
14619, 942000, 37.8603
14631, 943500, 41.7091
14643, 945000, 42.895
14654, 946500, 37.6546
14667, 948000, 42.3081
14680, 949500, 35.0456
14692, 951000, 42.0273
14705, 952500, 41.075
14717, 954000, 41.4387
14729, 955500, 39.6727
14740, 957000, 45.9831
14751, 958500, 41.6843
14763, 960000, 41.6428
14775, 961500, 40.1155
14787, 963000, 41.5012
14799, 964500, 43.1638
14811, 966000, 47.2489
14823, 967500, 41.0357
14836, 969000, 35.568
14848, 970500, 41.1099
14862, 972000, 36.6627
14873, 973500, 45.2389
14885, 975000, 40.4725
14898, 976500, 40.5643
14909, 978000, 48.2922
14921, 979500, 42.9514
14934, 981000, 32.7954
14946, 982500, 43.1037
14958, 984000, 37.271
14971, 985500, 45.036
14984, 987000, 41.2777
14996, 988500, 40.4747
15009, 990000, 45.8053
15020, 991500, 43.671
15034, 993000, 38.8356
15046, 994500, 42.0433
15058, 996000, 43.554
15069, 997500, 46.7429
15080, 999000, 41.0845
15092, 1000500, 42.5159
15103, 1002000, 45.1935
15114, 1003500, 51.032
15125, 1005000, 45.2576
15137, 1006500, 46.7688
15148, 1008000, 55.0552
15160, 1009500, 46.9113
15171, 1011000, 49.1541
15182, 1012500, 53.1002
15194, 1014000, 46.6614
15206, 1015500, 44.6229
15218, 1017000, 44.7661
15230, 1018500, 44.5464
15241, 1020000, 46.2477
15252, 1021500, 51.394
15265, 1023000, 41.4117
15277, 1024500, 47.861
15289, 1026000, 52.6576
15301, 1027500, 41.6744
15312, 1029000, 46.8743
15323, 1030500, 50.8541
15335, 1032000, 50.9826
15347, 1033500, 37.9567
15359, 1035000, 48.7865
15370, 1036500, 56.3603
15381, 1038000, 42.3284
15392, 1039500, 46.3537
15405, 1041000, 46.5503
15417, 1042500, 37.6443
15429, 1044000, 44.1251
15440, 1045500, 51.0469
15452, 1047000, 49.7947
15464, 1048500, 45.3347
15476, 1050000, 45.401
15488, 1051500, 47.3252
15500, 1053000, 44.3137
15512, 1054500, 40.7272
15523, 1056000, 53.4183
15535, 1057500, 50.6334
15547, 1059000, 50.4598
15558, 1060500, 52.7237
15569, 1062000, 48.9686
15581, 1063500, 53.8225
15593, 1065000, 46.4795
15604, 1066500, 53.1978
15616, 1068000, 52.3079
15630, 1069500, 44.6115
15642, 1071000, 46.0642
15654, 1072500, 47.2588
15666, 1074000, 42.9402
15679, 1075500, 44.4017
15691, 1077000, 39.7016
15705, 1078500, 39.1944
15716, 1080000, 49.9248
15727, 1081500, 51.1495
15740, 1083000, 44.7754
15751, 1084500, 48.4335
15763, 1086000, 42.1075
15774, 1087500, 51.3817
15786, 1089000, 49.6282
15796, 1090500, 57.9384
15808, 1092000, 50.7717
15820, 1093500, 43.1076
15832, 1095000, 46.9195
15844, 1096500, 48.8733
15856, 1098000, 44.8642
15868, 1099500, 45.1468
15879, 1101000, 54.9002
15890, 1102500, 51.5274
15902, 1104000, 50.328
15915, 1105500, 47.6633
15926, 1107000, 50.9046
15938, 1108500, 44.6641
15951, 1110000, 43.693
15962, 1111500, 40.9547
15973, 1113000, 53.4626
15985, 1114500, 50.6591
15997, 1116000, 44.9607
16008, 1117500, 52.0622
16021, 1119000, 45.4346
16032, 1120500, 51.9286
16044, 1122000, 50.755
16056, 1123500, 46.1657
16067, 1125000, 51.2502
16078, 1126500, 56.8301
16090, 1128000, 45.1488
16102, 1129500, 44.696
16114, 1131000, 43.8473
16124, 1132500, 48.5464
16136, 1134000, 48.266
16147, 1135500, 50.9375
16161, 1137000, 36.3381
16173, 1138500, 51.5934
16185, 1140000, 44.9458
16196, 1141500, 53.4443
16209, 1143000, 48.9558
16220, 1144500, 50.804
16233, 1146000, 41.9477
16245, 1147500, 51.7457
16256, 1149000, 51.7701
16268, 1150500, 53.128
16280, 1152000, 48.3999
16293, 1153500, 44.036
16305, 1155000, 47.2814
16316, 1156500, 49.6609
16328, 1158000, 53.7536
16340, 1159500, 47.9694
16352, 1161000, 54.4452
16364, 1162500, 50.0996
16376, 1164000, 51.2944
16388, 1165500, 51.5882
16400, 1167000, 50.2008
16412, 1168500, 53.0345
16423, 1170000, 59.1929
16434, 1171500, 53.8781
16445, 1173000, 49.4762
16456, 1174500, 49.2707
16468, 1176000, 54.654
16480, 1177500, 47.5055
16491, 1179000, 45.9482
16503, 1180500, 50.3565
16514, 1182000, 48.8942
16526, 1183500, 54.8252
16538, 1185000, 41.5382
16550, 1186500, 47.6885
16561, 1188000, 54.5279
16572, 1189500, 56.5152
16584, 1191000, 50.1217
16596, 1192500, 46.9135
16609, 1194000, 41.5798
16620, 1195500, 43.0707
16632, 1197000, 53.4721
16644, 1198500, 45.5447
16656, 1200000, 52.634
16668, 1201500, 42.6663
16680, 1203000, 46.9539
16691, 1204500, 61.9296
16703, 1206000, 54.4378
16714, 1207500, 52.8783
16725, 1209000, 56.032
16737, 1210500, 50.0835
16749, 1212000, 46.3351
16761, 1213500, 49.8703
16773, 1215000, 50.943
16785, 1216500, 51.0079
16798, 1218000, 43.9589
16810, 1219500, 50.3795
16821, 1221000, 56.8478
16833, 1222500, 47.5775
16844, 1224000, 47.3366
16857, 1225500, 46.3301
16868, 1227000, 51.0022
16880, 1228500, 51.9853
16892, 1230000, 57.363
16903, 1231500, 51.0405
16915, 1233000, 44.4312
16926, 1234500, 50.591
16938, 1236000, 52.0608
16950, 1237500, 49.2943
16961, 1239000, 58.0668
16973, 1240500, 54.5676
16986, 1242000, 41.2903
16997, 1243500, 59.2634
17008, 1245000, 59.8746
17020, 1246500, 49.2057
17031, 1248000, 51.7308
17042, 1249500, 49.0753
17053, 1251000, 56.3338
17065, 1252500, 55.205
17076, 1254000, 59.8791
17088, 1255500, 52.0541
17099, 1257000, 62.2694
17111, 1258500, 56.5348
17122, 1260000, 54.9392
17135, 1261500, 52.1483
17146, 1263000, 61.038
17157, 1264500, 55.4532
17169, 1266000, 61.4738
17180, 1267500, 56.9779
17191, 1269000, 62.3349
17203, 1270500, 60.3637
17215, 1272000, 50.0628
17226, 1273500, 60.6406
17238, 1275000, 51.0359
17249, 1276500, 54.8523
17261, 1278000, 54.0712
17272, 1279500, 61.0973
17284, 1281000, 57.3521
17295, 1282500, 55.9309
17306, 1284000, 59.64
17318, 1285500, 62.5976
17329, 1287000, 57.4371
17340, 1288500, 63.6976
17352, 1290000, 56.28
17364, 1291500, 57.4201
17375, 1293000, 53.6165
17387, 1294500, 57.7153
17398, 1296000, 59.0402
17410, 1297500, 54.531
17421, 1299000, 59.1431
17433, 1300500, 56.6575
17445, 1302000, 55.7437
17457, 1303500, 60.3958
17468, 1305000, 65.1415
17480, 1306500, 54.9498
17492, 1308000, 57.4064
17503, 1309500, 61.2727
17515, 1311000, 53.8761
17527, 1312500, 60.4687
17539, 1314000, 59.3977
17551, 1315500, 56.9271
17562, 1317000, 63.6477
17575, 1318500, 52.1145
17587, 1320000, 53.7401
17598, 1321500, 54.4816
17610, 1323000, 57.8011
17623, 1324500, 54.9518
17634, 1326000, 60.8017
17647, 1327500, 54.5836
17659, 1329000, 57.8155
17671, 1330500, 64.3003
17682, 1332000, 65.2044
17694, 1333500, 61.6981
17705, 1335000, 55.6127
17718, 1336500, 55.5715
17729, 1338000, 64.2955
17741, 1339500, 60.9608
17753, 1341000, 58.4329
17766, 1342500, 54.9701
17777, 1344000, 62.0527
17789, 1345500, 64.1625
17801, 1347000, 62.6646
17813, 1348500, 57.6809
17825, 1350000, 52.2888
17837, 1351500, 54.7194
17849, 1353000, 61.013
17861, 1354500, 54.2003
17874, 1356000, 58.3926
17885, 1357500, 63.9155
17897, 1359000, 64.3075
17908, 1360500, 65.4197
17920, 1362000, 61.0316
17933, 1363500, 55.5648
17945, 1365000, 56.6138
17957, 1366500, 57.8558
17971, 1368000, 49.5658
17982, 1369500, 54.3411
17995, 1371000, 57.6411
18006, 1372500, 62.569
18018, 1374000, 61.9412
18030, 1375500, 62.542
18041, 1377000, 61.9866
18052, 1378500, 62.061
18063, 1380000, 63.6783
18075, 1381500, 61.6214
18087, 1383000, 61.7627
18098, 1384500, 63.8579
18110, 1386000, 55.5919
18122, 1387500, 61.118
18133, 1389000, 60.5946
18145, 1390500, 57.4086
18157, 1392000, 66.9373
18169, 1393500, 54.6849
18182, 1395000, 57.5148
18193, 1396500, 59.4662
18205, 1398000, 58.3162
18217, 1399500, 56.2098
18230, 1401000, 59.4147
18241, 1402500, 57.5749
18253, 1404000, 60.5668
18266, 1405500, 57.4502
18277, 1407000, 63.4384
18289, 1408500, 62.4936
18301, 1410000, 62.4104
18313, 1411500, 66.9448
18325, 1413000, 64.4048
18338, 1414500, 54.3627
18350, 1416000, 61.0844
18361, 1417500, 59.0687
18374, 1419000, 54.382
18387, 1420500, 56.6144
18398, 1422000, 68.3695
18410, 1423500, 65.2486
18421, 1425000, 66.9262
18434, 1426500, 53.8688
18445, 1428000, 64.3946
18457, 1429500, 57.8926
18469, 1431000, 58.0515
18481, 1432500, 60.1134
18494, 1434000, 51.7352
18506, 1435500, 60.482
18517, 1437000, 58.6306
18529, 1438500, 64.6553
18540, 1440000, 56.2761
18552, 1441500, 53.774
18564, 1443000, 62.2037
18575, 1444500, 61.8207
18587, 1446000, 59.0308
18599, 1447500, 60.2369
18611, 1449000, 56.9324
18622, 1450500, 65.6569
18634, 1452000, 64.4327
18645, 1453500, 62.3883
18657, 1455000, 54.0428
18668, 1456500, 63.877
18679, 1458000, 66.6831
18691, 1459500, 65.7762
18703, 1461000, 59.678
18715, 1462500, 54.4552
18727, 1464000, 58.7982
18738, 1465500, 63.4211
18750, 1467000, 64.1044
18762, 1468500, 61.5667
18774, 1470000, 60.1895
18786, 1471500, 61.7064
18798, 1473000, 57.6678
18809, 1474500, 59.9652
18822, 1476000, 57.109
18833, 1477500, 65.6175
18845, 1479000, 66.6569
18857, 1480500, 61.5712
18868, 1482000, 63.8754
18880, 1483500, 59.8249
18892, 1485000, 60.1438
18903, 1486500, 63.5705
18914, 1488000, 65.437
18926, 1489500, 63.0279
18938, 1491000, 67.193
18949, 1492500, 65.628
18961, 1494000, 63.9839
18973, 1495500, 65.7696
18985, 1497000, 61.1456
18997, 1498500, 59.027
19009, 1500000, 61.5782
19021, 1501500, 63.5188
19032, 1503000, 65.5052
19044, 1504500, 63.7336
19056, 1506000, 64.1633
19067, 1507500, 62.8419
19079, 1509000, 68.6861
19090, 1510500, 63.8231
19102, 1512000, 67.3559
19113, 1513500, 65.1015
19124, 1515000, 66.3541
19136, 1516500, 63.4511
19148, 1518000, 65.9254
19159, 1519500, 60.642
19171, 1521000, 68.5716
19182, 1522500, 68.7025
19194, 1524000, 67.0167
19205, 1525500, 68.6244
19217, 1527000, 63.533
19230, 1528500, 63.7027
19241, 1530000, 65.4158
19253, 1531500, 65.5892
19264, 1533000, 68.7122
19276, 1534500, 68.6333
19288, 1536000, 65.5889
19300, 1537500, 65.4955
19312, 1539000, 64.5754
19323, 1540500, 67.4548
19335, 1542000, 68.776
19346, 1543500, 64.9738
19357, 1545000, 68.5866
19369, 1546500, 68.6283
19380, 1548000, 67.042
19392, 1549500, 64.3347
19404, 1551000, 67.1251
19416, 1552500, 66.0996
19427, 1554000, 65.6712
19438, 1555500, 60.452
19450, 1557000, 64.3905
19461, 1558500, 68.5827
19473, 1560000, 67.2371
19485, 1561500, 63.5724
19497, 1563000, 67.1289
19509, 1564500, 68.5586
19521, 1566000, 68.7711
19532, 1567500, 65.5928
19544, 1569000, 59.8406
19556, 1570500, 63.9145
19568, 1572000, 63.5536
19580, 1573500, 63.0578
19592, 1575000, 68.6471
19604, 1576500, 68.4948
19615, 1578000, 63.7845
19627, 1579500, 67.082
19639, 1581000, 67.1486
19651, 1582500, 68.556
19663, 1584000, 68.5975
19674, 1585500, 65.6653
19686, 1587000, 65.6921
19698, 1588500, 68.6351
19709, 1590000, 63.6657
19721, 1591500, 68.6349
19733, 1593000, 68.6976
19744, 1594500, 68.6254
19756, 1596000, 67.1063
19768, 1597500, 68.7416
19779, 1599000, 67.1611
19791, 1600500, 68.7055
19803, 1602000, 68.6578
19815, 1603500, 63.3046
19827, 1605000, 68.6484
19838, 1606500, 56.8303
19850, 1608000, 67.3407
19862, 1609500, 67.1698
19874, 1611000, 64.5781
19886, 1612500, 64.5392
19898, 1614000, 67.2828
19909, 1615500, 67.1132
19921, 1617000, 65.6589
19933, 1618500, 67.2308
19945, 1620000, 68.7302
19957, 1621500, 68.592
19968, 1623000, 68.5308
19982, 1624500, 52.8129
19994, 1626000, 67.1137
20006, 1627500, 61.9755
20017, 1629000, 66.959
20029, 1630500, 67.1313
20041, 1632000, 64.4765
20053, 1633500, 63.2939
20065, 1635000, 65.2408
20076, 1636500, 63.7701
20087, 1638000, 65.1906
20099, 1639500, 68.5666
20111, 1641000, 64.2591
20122, 1642500, 65.1888
20134, 1644000, 60.0163
20146, 1645500, 67.2002
20158, 1647000, 67.2017
20169, 1648500, 68.6568
20181, 1650000, 67.216
20193, 1651500, 64.951
20205, 1653000, 68.7343
20218, 1654500, 62.3511
20230, 1656000, 64.4835
20242, 1657500, 63.9099
20254, 1659000, 66.9088
20267, 1660500, 59.2731
20279, 1662000, 68.3963
20291, 1663500, 68.4702
20303, 1665000, 68.4978
20315, 1666500, 67.0223
20327, 1668000, 65.4221
20339, 1669500, 66.9503
20351, 1671000, 65.3615
20363, 1672500, 68.4909
20376, 1674000, 64.5613
20388, 1675500, 67.0977
20400, 1677000, 64.7941
20412, 1678500, 68.5237
20424, 1680000, 65.4311
20436, 1681500, 68.492
20448, 1683000, 66.9851
20460, 1684500, 68.4676
20472, 1686000, 65.5475
20484, 1687500, 62.8807
20496, 1689000, 67.2761
20508, 1690500, 68.6131
20520, 1692000, 67.0486
20532, 1693500, 68.6023
20544, 1695000, 65.7445
20556, 1696500, 64.2439
20568, 1698000, 68.517
20580, 1699500, 65.5379
20592, 1701000, 67.3578
20603, 1702500, 65.3835
20615, 1704000, 67.2472
20627, 1705500, 67.2306
20639, 1707000, 67.0253
20651, 1708500, 68.6191
20663, 1710000, 68.7022
20675, 1711500, 67.0109
20687, 1713000, 67.1427
20699, 1714500, 67.1038
20711, 1716000, 67.0998
20723, 1717500, 66.9749
20735, 1719000, 68.6102
20747, 1720500, 68.4755
20759, 1722000, 64.1533
20771, 1723500, 68.5447
20783, 1725000, 67.0713
20795, 1726500, 66.9137
20808, 1728000, 62.4285
20821, 1729500, 61.4476
20833, 1731000, 68.4047
20845, 1732500, 68.3131
20857, 1734000, 67.1832
20869, 1735500, 68.4575
20882, 1737000, 63.6286
20894, 1738500, 62.8255
20906, 1740000, 68.525
20918, 1741500, 66.985
20931, 1743000, 64.3222
20944, 1744500, 62.0542
20957, 1746000, 55.6412
20969, 1747500, 62.9049
20982, 1749000, 61.0904
20994, 1750500, 67.6455
21006, 1752000, 68.2819
21019, 1753500, 68.4359
21031, 1755000, 68.3212
21044, 1756500, 59.0555
21056, 1758000, 68.4053
21068, 1759500, 65.5644
21081, 1761000, 64.1364
21094, 1762500, 65.929
21106, 1764000, 68.3955
21118, 1765500, 63.1617
21130, 1767000, 68.3184
21143, 1768500, 64.1456
21155, 1770000, 66.7549
21168, 1771500, 64.9568
21180, 1773000, 63.9153
21192, 1774500, 63.8553
21205, 1776000, 65.4117
21217, 1777500, 68.323
21230, 1779000, 66.904
21242, 1780500, 63.9733
21254, 1782000, 65.1381
21267, 1783500, 65.4998
21279, 1785000, 62.2103
21292, 1786500, 68.2036
21305, 1788000, 56.4524
21318, 1789500, 66.7655
21330, 1791000, 68.3642
21342, 1792500, 65.4116
21354, 1794000, 66.7959
21367, 1795500, 68.3659
21379, 1797000, 68.3789
21391, 1798500, 66.8625
21403, 1800000, 68.3464
21415, 1801500, 68.285
21428, 1803000, 66.9668
21440, 1804500, 68.3695
21453, 1806000, 65.5651
21465, 1807500, 68.5276
21478, 1809000, 63.5815
21490, 1810500, 68.3264
21503, 1812000, 65.6389
21515, 1813500, 68.564
21527, 1815000, 66.8652
21539, 1816500, 65.4704
21551, 1818000, 66.9065
21563, 1819500, 65.5845
21576, 1821000, 68.6057
21588, 1822500, 68.5245
21600, 1824000, 68.5915
21612, 1825500, 68.6146
21624, 1827000, 68.4791
21636, 1828500, 68.5774
21649, 1830000, 67.1158
21661, 1831500, 68.4808
21673, 1833000, 68.4586
21685, 1834500, 68.4144
21698, 1836000, 68.486
21710, 1837500, 68.4518
21722, 1839000, 68.4336
21735, 1840500, 68.3978
21747, 1842000, 66.934
21759, 1843500, 68.5722
21771, 1845000, 68.5464
21784, 1846500, 68.5052
21796, 1848000, 68.4269
21808, 1849500, 68.47
21820, 1851000, 68.6262
21832, 1852500, 68.6033
21845, 1854000, 66.3792
21858, 1855500, 61.593
21870, 1857000, 68.5095
21882, 1858500, 68.5555
21895, 1860000, 65.1282
21907, 1861500, 68.5493
21919, 1863000, 68.4105
21931, 1864500, 68.5271
21944, 1866000, 68.5494
21956, 1867500, 68.2873
21968, 1869000, 68.4438
21981, 1870500, 67.0617
21993, 1872000, 65.329
22005, 1873500, 68.3604
22018, 1875000, 68.4636
22030, 1876500, 68.3012
22042, 1878000, 68.3282
22055, 1879500, 68.2732
22067, 1881000, 68.2316
22080, 1882500, 62.2258
22092, 1884000, 67.0439
22105, 1885500, 65.6678
22117, 1887000, 66.3897
22129, 1888500, 66.3563
22142, 1890000, 61.4171
22154, 1891500, 68.2847
22166, 1893000, 65.1894
22179, 1894500, 65.4091
22191, 1896000, 65.5141
22203, 1897500, 68.4141
22216, 1899000, 65.5964
22228, 1900500, 68.3966
22241, 1902000, 68.3066
22254, 1903500, 63.9677
22266, 1905000, 67.8665
22278, 1906500, 65.3515
22291, 1908000, 68.3131
22303, 1909500, 64.3132
22315, 1911000, 67.0058
22328, 1912500, 68.4371
22340, 1914000, 68.4172
22352, 1915500, 68.4303
22364, 1917000, 68.4436
22377, 1918500, 66.8411
22389, 1920000, 68.3779
22401, 1921500, 67.0526
22414, 1923000, 65.5774
22426, 1924500, 68.4149
22439, 1926000, 68.3477
22451, 1927500, 68.3331
22464, 1929000, 64.6002
22476, 1930500, 68.3673
22488, 1932000, 68.3701
22501, 1933500, 65.6166
22514, 1935000, 63.1074
22526, 1936500, 68.2192
22538, 1938000, 68.3088
22551, 1939500, 64.1775
22564, 1941000, 64.9841
22576, 1942500, 68.4263
22588, 1944000, 67.009
22600, 1945500, 66.9674
22613, 1947000, 65.7776
22625, 1948500, 66.8972
22637, 1950000, 65.3346
22649, 1951500, 68.4147
22662, 1953000, 67.1173
22674, 1954500, 66.9845
22686, 1956000, 68.465
22698, 1957500, 68.3571
22710, 1959000, 66.8901
22723, 1960500, 68.4925
22735, 1962000, 63.8056
22747, 1963500, 67.011
22760, 1965000, 68.2755
22772, 1966500, 68.387
22784, 1968000, 68.2215
22797, 1969500, 64.5082
22809, 1971000, 66.8264
22822, 1972500, 63.6939
22835, 1974000, 68.2682
22847, 1975500, 66.8933
22859, 1977000, 68.4051
22872, 1978500, 68.2856
22884, 1980000, 68.3361
22896, 1981500, 68.3778
22909, 1983000, 68.4122
22922, 1984500, 64.9938
22934, 1986000, 67.0046
22947, 1987500, 61.3578
22960, 1989000, 63.6967
22973, 1990500, 63.5813
22985, 1992000, 68.2625
22998, 1993500, 68.3471
23011, 1995000, 60.8402
23023, 1996500, 68.4515
23035, 1998000, 68.368
23048, 1999500, 68.2647
23060, 2001000, 68.343
23073, 2002500, 68.396
23085, 2004000, 68.3525
23098, 2005500, 68.3199
23110, 2007000, 68.3115
23123, 2008500, 68.3059
23135, 2010000, 68.3576
23148, 2011500, 68.3146
23160, 2013000, 68.3454
23173, 2014500, 68.418
23185, 2016000, 68.2749
23198, 2017500, 68.3042
23211, 2019000, 65.4535
23223, 2020500, 68.3749
23236, 2022000, 68.3525
23248, 2023500, 68.4375
23261, 2025000, 68.3191
23274, 2026500, 68.3586
23286, 2028000, 68.3587
23299, 2029500, 68.3442
23311, 2031000, 68.361
23324, 2032500, 68.3028
23337, 2034000, 68.3379
23349, 2035500, 68.2768
23362, 2037000, 64.1923
23374, 2038500, 68.3603
23387, 2040000, 68.3284
23400, 2041500, 68.299
23412, 2043000, 68.2226
23425, 2044500, 68.2595
23438, 2046000, 66.8545
23450, 2047500, 68.1785
23463, 2049000, 66.8409
23476, 2050500, 68.2239
23488, 2052000, 68.1991
23501, 2053500, 68.2077
23514, 2055000, 68.0156
23527, 2056500, 68.1747
23539, 2058000, 65.3355
23552, 2059500, 68.1659
23565, 2061000, 66.7577
23578, 2062500, 62.9791
23591, 2064000, 68.2205
23604, 2065500, 63.6819
23616, 2067000, 68.1918
23629, 2068500, 68.1641
23642, 2070000, 68.1984
23655, 2071500, 68.1937
23667, 2073000, 68.1935
23680, 2074500, 68.2132
23693, 2076000, 68.2346
23706, 2077500, 66.8546
23719, 2079000, 64.4795
23731, 2080500, 68.2739
23744, 2082000, 68.2193
23757, 2083500, 68.2781
23769, 2085000, 68.2807
23782, 2086500, 68.2034
23795, 2088000, 68.3009
23808, 2089500, 68.2304
23821, 2091000, 65.4983
23833, 2092500, 68.2853
23846, 2094000, 68.2533
23859, 2095500, 66.8298
23871, 2097000, 68.2749
23884, 2098500, 68.2342
23897, 2100000, 66.9372
23909, 2101500, 68.2097
23922, 2103000, 68.1878
23935, 2104500, 68.2028
23948, 2106000, 68.2488
23960, 2107500, 68.2242
23973, 2109000, 68.2925
23986, 2110500, 66.8458
23999, 2112000, 68.2503
24011, 2113500, 68.2017
24024, 2115000, 68.302
24037, 2116500, 65.4595
24050, 2118000, 68.2228
24062, 2119500, 68.2463
24075, 2121000, 68.2277
24088, 2122500, 68.1738
24101, 2124000, 68.2142
24113, 2125500, 68.1856
24126, 2127000, 68.1561
24139, 2128500, 68.1689
24152, 2130000, 65.4385
24165, 2131500, 68.1762
24178, 2133000, 68.1722
24190, 2134500, 68.1023
24203, 2136000, 68.2131
24216, 2137500, 68.2036
24229, 2139000, 68.2154
24242, 2140500, 68.2517
24254, 2142000, 68.2321
24267, 2143500, 65.3239
24280, 2145000, 66.8444
24293, 2146500, 68.1624
24306, 2148000, 68.1617
24319, 2149500, 68.1418
24331, 2151000, 68.2331
24344, 2152500, 66.7939
24357, 2154000, 65.3299
24370, 2155500, 68.1578
24383, 2157000, 68.1677
24396, 2158500, 68.1938
24409, 2160000, 63.0685
24422, 2161500, 68.2678
24435, 2163000, 66.8339
24448, 2164500, 68.1969
24461, 2166000, 65.2094
24473, 2167500, 67.8014
24486, 2169000, 68.2075
24499, 2170500, 68.2931
24512, 2172000, 68.2741
24524, 2173500, 68.2099
24537, 2175000, 68.2277
24550, 2176500, 68.2119
24563, 2178000, 68.1832
24576, 2179500, 68.1674
24589, 2181000, 68.1237
24602, 2182500, 62.2904
24615, 2184000, 67.8961
24628, 2185500, 68.2256
24640, 2187000, 68.2609
24653, 2188500, 68.2824
24666, 2190000, 68.3649
24679, 2191500, 68.2956
24691, 2193000, 68.3318
24704, 2194500, 68.4139
24717, 2196000, 68.3108
24729, 2197500, 68.3069
24742, 2199000, 68.3244
24755, 2200500, 68.3211
24767, 2202000, 68.2358
24780, 2203500, 68.2131
24793, 2205000, 68.3683
24806, 2206500, 68.2405
24819, 2208000, 65.4376
24832, 2209500, 68.1828
24844, 2211000, 68.2727
24857, 2212500, 68.2058
24870, 2214000, 68.2879
24883, 2215500, 66.7401
24896, 2217000, 64.9031
24909, 2218500, 65.3904
24922, 2220000, 66.7074
24934, 2221500, 68.2577
24947, 2223000, 66.8667
24960, 2224500, 68.1436
24973, 2226000, 68.211
24986, 2227500, 68.2162
24998, 2229000, 68.2123
25012, 2230500, 63.8333
25024, 2232000, 68.2247
25037, 2233500, 68.2884
25050, 2235000, 68.2847
25062, 2236500, 68.3224
25075, 2238000, 68.2983
25088, 2239500, 68.2453
25101, 2241000, 68.319
25113, 2242500, 68.29
25126, 2244000, 68.286
25139, 2245500, 68.3056
25151, 2247000, 68.2638
25164, 2248500, 63.6634
25177, 2250000, 68.3034
25190, 2251500, 68.3158
25203, 2253000, 68.2533
25215, 2254500, 68.296
25228, 2256000, 68.3356
25241, 2257500, 68.3404
25254, 2259000, 68.3002
25266, 2260500, 68.3387
25279, 2262000, 68.3305
25292, 2263500, 68.2576
25305, 2265000, 68.1933
25317, 2266500, 68.1979
25330, 2268000, 68.2363
25343, 2269500, 68.1824
25356, 2271000, 66.7453
25369, 2272500, 66.7315
25381, 2274000, 68.1492
25394, 2275500, 66.7682
25407, 2277000, 68.1272
25420, 2278500, 68.2317
25433, 2280000, 68.1856
25445, 2281500, 68.22
25458, 2283000, 68.2077
25471, 2284500, 68.1334
25484, 2286000, 68.2461
25496, 2287500, 66.6896
25509, 2289000, 68.1751
25522, 2290500, 68.2267
25535, 2292000, 68.1789
25548, 2293500, 68.1478
25561, 2295000, 68.1134
25573, 2296500, 68.1268
25586, 2298000, 68.1149
25599, 2299500, 66.7525
25612, 2301000, 68.0749
25625, 2302500, 68.1436
25638, 2304000, 68.0957
25651, 2305500, 68.131
25663, 2307000, 68.27
25676, 2308500, 68.1789
25689, 2310000, 68.2248
25702, 2311500, 68.2242
25715, 2313000, 68.2297
25728, 2314500, 68.2327
25741, 2316000, 68.2385
25754, 2317500, 68.1826
25766, 2319000, 68.2096
25779, 2320500, 68.1992
25792, 2322000, 68.179
25805, 2323500, 68.1306
25818, 2325000, 68.1907
25831, 2326500, 68.2576
25844, 2328000, 68.129
25857, 2329500, 68.2011
25870, 2331000, 68.1842
25883, 2332500, 68.1944
25896, 2334000, 68.157
25909, 2335500, 68.1493
25921, 2337000, 66.6755
25934, 2338500, 68.2149
25947, 2340000, 68.235
25960, 2341500, 68.1833
25973, 2343000, 68.0421
25986, 2344500, 68.1056
25999, 2346000, 68.0622
26012, 2347500, 68.0007
26025, 2349000, 68.092
26038, 2350500, 68.1247
26051, 2352000, 68.1102
26064, 2353500, 68.1522
26077, 2355000, 68.2107
26090, 2356500, 68.2063
26103, 2358000, 68.1281
26116, 2359500, 68.0805
26128, 2361000, 68.1995
26141, 2362500, 68.1769
26154, 2364000, 68.1174
26168, 2365500, 64.2154
26181, 2367000, 65.6754
26194, 2368500, 68.0986
26207, 2370000, 68.0691
26222, 2371500, 51.585
26236, 2373000, 63.5453
26250, 2374500, 60.1114
26266, 2376000, 40.6158
26286, 2377500, 12.3709
26305, 2379000, 12.2275
26323, 2380500, 10.842
26341, 2382000, 12.5131
26360, 2383500, 10.2184
26380, 2385000, 9.2047
26399, 2386500, 8.7074
26419, 2388000, 6.3043
26438, 2389500, 8.4573
26458, 2391000, 10.5092
26475, 2392500, 11.2784
26494, 2394000, 10.9603
26513, 2395500, 12.9788
26532, 2397000, 10.6684
26551, 2398500, 11.0162
26569, 2400000, 13.1641
26589, 2401500, 10.7665
26608, 2403000, 12.2654
26625, 2404500, 16.2946
26643, 2406000, 17.2584
26660, 2407500, 16.0314
26678, 2409000, 13.1459
26696, 2410500, 13.7682
26713, 2412000, 20.6575
26730, 2413500, 20.912
26747, 2415000, 19.8859
26765, 2416500, 14.1388
26782, 2418000, 18.8379
26797, 2419500, 21.7866
26813, 2421000, 21.2903
26829, 2422500, 21.2681
26845, 2424000, 19.5861
26862, 2425500, 19.5905
26877, 2427000, 21.2881
26893, 2428500, 23.1664
26907, 2430000, 25.3854
26921, 2431500, 21.6892
26935, 2433000, 26.4673
26944, 2434500, 25.1436
26951, 2436000, 28.7876
26964, 2437500, 27.2293
26978, 2439000, 26.936
26991, 2440500, 24.6834
27005, 2442000, 25.4039
27017, 2443500, 24.2025
27031, 2445000, 25.9761
27044, 2446500, 27.4658
27056, 2448000, 26.3744
27069, 2449500, 28.8629
27082, 2451000, 30.4543
27095, 2452500, 23.0855
27108, 2454000, 28.251
27121, 2455500, 29.407
27134, 2457000, 29.7765
27146, 2458500, 28.4253
27159, 2460000, 25.578
27172, 2461500, 26.6633
27185, 2463000, 28.9167
27197, 2464500, 28.9359
27209, 2466000, 31.4046
27221, 2467500, 30.5678
27234, 2469000, 30.0904
27247, 2470500, 29.8835
27260, 2472000, 27.4696
27272, 2473500, 30.0191
27284, 2475000, 29.5787
27296, 2476500, 28.5755
27308, 2478000, 34.0957
27321, 2479500, 29.5852
27332, 2481000, 29.5984
27346, 2482500, 31.1353
27358, 2484000, 28.9755
27370, 2485500, 32.9964
27382, 2487000, 31.1729
27393, 2488500, 34.1956
27406, 2490000, 32.1497
27418, 2491500, 34.4324
27430, 2493000, 37.969
27442, 2494500, 31.628
27455, 2496000, 31.3159
27466, 2497500, 31.5092
27477, 2499000, 32.792
27489, 2500500, 31.6358
27500, 2502000, 35.3694
27512, 2503500, 35.301
27523, 2505000, 37.9661
27535, 2506500, 38.4978
27546, 2508000, 37.9185
27557, 2509500, 35.3867
27568, 2511000, 33.4022
27579, 2512500, 38.8959
27591, 2514000, 41.0292
27602, 2515500, 37.9706
27614, 2517000, 40.1981
27625, 2518500, 37.3324
27636, 2520000, 37.5058
27648, 2521500, 43.2137
27659, 2523000, 39.0633
27670, 2524500, 42.6857
27681, 2526000, 40.6107
27691, 2527500, 41.5599
27703, 2529000, 36.6212
27714, 2530500, 40.8658
27725, 2532000, 41.1252
27736, 2533500, 41.556
27746, 2535000, 39.3679
27757, 2536500, 43.2466
27768, 2538000, 41.199
27778, 2539500, 40.5296
27789, 2541000, 41.4976
27799, 2542500, 40.6429
27811, 2544000, 40.936
27821, 2545500, 42.5563
27832, 2547000, 38.9721
27843, 2548500, 42.0014
27854, 2550000, 41.9171
27864, 2551500, 44.4884
27875, 2553000, 43.8095
27886, 2554500, 45.0581
27896, 2556000, 41.415
27907, 2557500, 47.235
27917, 2559000, 48.8065
27928, 2560500, 42.7084
27938, 2562000, 40.1866
27949, 2563500, 46.8619
27960, 2565000, 54.6512
27970, 2566500, 54.0582
27981, 2568000, 52.5444
27992, 2569500, 60.3179
28002, 2571000, 59.9544
28013, 2572500, 45.5177
28025, 2574000, 58.5705
28036, 2575500, 62.4098
28047, 2577000, 67.3629
28057, 2578500, 69.0298
28069, 2580000, 53.2263
28079, 2581500, 65.0854
28090, 2583000, 67.52
28101, 2584500, 67.3411
28112, 2586000, 59.5675
28123, 2587500, 60.539
28134, 2589000, 59.509
28145, 2590500, 69.0319
28156, 2592000, 62.6987
28167, 2593500, 62.7733
28178, 2595000, 68.6405
28189, 2596500, 64.1301
28200, 2598000, 65.7246
28210, 2599500, 69.0814
28222, 2601000, 64.5395
28232, 2602500, 69.0316
28243, 2604000, 66.1089
28254, 2605500, 69.0655
28265, 2607000, 63.7473
28276, 2608500, 68.4943
28287, 2610000, 63.1901
28297, 2611500, 69.033
28308, 2613000, 69.0741
28319, 2614500, 69.1019
28330, 2616000, 69.0306
28340, 2617500, 69.0346
28351, 2619000, 65.8558
28362, 2620500, 69.1238
28373, 2622000, 69.0518
28384, 2623500, 64.6859
28394, 2625000, 69.04
28405, 2626500, 65.7895
28416, 2628000, 65.5682
28427, 2629500, 68.6627
28438, 2631000, 64.4655
28449, 2632500, 68.991
28459, 2634000, 67.357
28470, 2635500, 63.5766
28481, 2637000, 68.9363
28491, 2638500, 69.1246
28502, 2640000, 69.1157
28513, 2641500, 67.4876
28524, 2643000, 58.1333
28535, 2644500, 62.368
28546, 2646000, 69.1428
28557, 2647500, 69.1779
28568, 2649000, 69.1704
28578, 2650500, 69.2086
28589, 2652000, 69.1906
28600, 2653500, 69.1991
28610, 2655000, 69.2397
28621, 2656500, 69.1125
28632, 2658000, 65.8595
28643, 2659500, 67.5201
28653, 2661000, 69.1573
28664, 2662500, 69.1807
28675, 2664000, 69.2103
28686, 2665500, 69.2069
28697, 2667000, 65.8487
28707, 2668500, 69.1669
28718, 2670000, 62.6828
28729, 2671500, 69.1757
28740, 2673000, 69.1869
28751, 2674500, 65.8744
28761, 2676000, 69.1505
28772, 2677500, 69.1312
28783, 2679000, 69.2035
28794, 2680500, 69.1995
28804, 2682000, 69.1495
28815, 2683500, 69.1818
28826, 2685000, 69.1444
28837, 2686500, 69.1546
28848, 2688000, 69.1522
28858, 2689500, 69.1353
28869, 2691000, 69.1152
28880, 2692500, 69.1874
28891, 2694000, 69.1497
28902, 2695500, 69.1787
28912, 2697000, 69.052
28923, 2698500, 69.0738
28934, 2700000, 69.128
28945, 2701500, 67.4797
28956, 2703000, 69.0869
28967, 2704500, 64.1823
28978, 2706000, 69.09
28989, 2707500, 65.8368
29000, 2709000, 69.1236
29011, 2710500, 69.1198
29021, 2712000, 69.0894
29032, 2713500, 69.0837
29043, 2715000, 65.8399
29054, 2716500, 69.0748
29065, 2718000, 69.0929
29076, 2719500, 69.1149
29086, 2721000, 67.2254
29097, 2722500, 69.0977
29108, 2724000, 69.1366
29119, 2725500, 69.1748
29130, 2727000, 69.1037
29140, 2728500, 69.081
29151, 2730000, 69.2061
29162, 2731500, 69.1482
29173, 2733000, 69.1293
29184, 2734500, 69.1434
29194, 2736000, 67.3505
29205, 2737500, 69.2008
29216, 2739000, 66.1884
29227, 2740500, 69.2185
29237, 2742000, 69.1888
29248, 2743500, 69.1959
29259, 2745000, 69.2215
29270, 2746500, 69.1693
29280, 2748000, 69.1912
29291, 2749500, 69.2014
29302, 2751000, 69.2502
29313, 2752500, 69.1868
29324, 2754000, 69.1756
29335, 2755500, 65.8754
29345, 2757000, 69.1647
29356, 2758500, 69.1717
29367, 2760000, 69.1282
29378, 2761500, 69.1729
29389, 2763000, 69.1086
29399, 2764500, 69.1374
29410, 2766000, 69.1955
29421, 2767500, 69.1897
29432, 2769000, 69.1645
29443, 2770500, 69.1653
29454, 2772000, 69.1766
29465, 2773500, 63.1305
29476, 2775000, 69.1592
29487, 2776500, 69.2175
29497, 2778000, 69.2039
29508, 2779500, 69.1971
29519, 2781000, 69.1848
29530, 2782500, 69.1115
29540, 2784000, 69.1468
29551, 2785500, 69.1995
29562, 2787000, 69.1697
29573, 2788500, 69.1248
29583, 2790000, 69.2351
29594, 2791500, 69.2035
29605, 2793000, 69.1412
29616, 2794500, 69.1426
29627, 2796000, 69.1388
29637, 2797500, 69.1553
29648, 2799000, 69.1053
29659, 2800500, 69.1476
29670, 2802000, 67.5172
29681, 2803500, 69.1262
29692, 2805000, 69.1452
29702, 2806500, 69.1279
29713, 2808000, 69.0845
29724, 2809500, 69.1109
29735, 2811000, 69.1332
29746, 2812500, 69.1059
29757, 2814000, 69.1039
29767, 2815500, 69.0747
29778, 2817000, 69.1579
29789, 2818500, 69.0793
29800, 2820000, 69.1137
29811, 2821500, 69.0539
29822, 2823000, 69.0479
29833, 2824500, 69.0463
29844, 2826000, 62.3894
29855, 2827500, 69.0159
29866, 2829000, 69.0094
29877, 2830500, 69.0458
29888, 2832000, 69.049
29899, 2833500, 68.983
29910, 2835000, 69.0462
29920, 2836500, 69.0774
29931, 2838000, 69.0357
29942, 2839500, 68.9853
29953, 2841000, 69.0082
29964, 2842500, 63.0608
29975, 2844000, 69.022
29986, 2845500, 68.9524
29997, 2847000, 59.8511
30008, 2848500, 68.9122
30019, 2850000, 68.9084
30031, 2851500, 60.5332
30041, 2853000, 68.8972
30052, 2854500, 68.8674
30063, 2856000, 68.8793
30074, 2857500, 68.8666
30085, 2859000, 68.813
30096, 2860500, 68.8365
30107, 2862000, 68.8678
30118, 2863500, 68.8427
30129, 2865000, 68.8147
30139, 2866500, 68.8887
30151, 2868000, 65.1778
30161, 2869500, 68.9169
30172, 2871000, 68.7628
30183, 2872500, 62.9801
30195, 2874000, 58.7008
30206, 2875500, 68.3745
30216, 2877000, 68.8296
30228, 2878500, 63.5147
30238, 2880000, 68.8775
30249, 2881500, 68.8532
30260, 2883000, 68.901
30271, 2884500, 68.9059
30282, 2886000, 68.94
30293, 2887500, 68.9085
30304, 2889000, 68.9602
30315, 2890500, 68.9774
30326, 2892000, 68.9404
30337, 2893500, 68.9793
30348, 2895000, 68.974
30359, 2896500, 68.9726
30370, 2898000, 69.0371
30381, 2899500, 68.9572
30392, 2901000, 68.9649
30403, 2902500, 68.9919
30414, 2904000, 68.9237
30425, 2905500, 68.9536
30436, 2907000, 68.973
30447, 2908500, 68.9712
30458, 2910000, 68.9711
30469, 2911500, 68.9663
30480, 2913000, 68.9698
30491, 2914500, 68.9794
30502, 2916000, 68.958
30513, 2917500, 69.0127
30524, 2919000, 68.9635
30535, 2920500, 68.9983
30546, 2922000, 69.0331
30557, 2923500, 68.9986
30568, 2925000, 68.976
30579, 2926500, 68.9573
30590, 2928000, 68.9713
30601, 2929500, 69.0004
30611, 2931000, 69.0306
30623, 2932500, 68.9799
30634, 2934000, 68.9425
30645, 2935500, 68.97
30656, 2937000, 68.9511
30667, 2938500, 68.9934
30678, 2940000, 69.05
30689, 2941500, 69.0107
30700, 2943000, 69.0275
30711, 2944500, 68.9394
30722, 2946000, 68.9668
30733, 2947500, 68.8838
30744, 2949000, 68.9135
30756, 2950500, 68.8939
30767, 2952000, 68.9366
30778, 2953500, 68.9417
30789, 2955000, 68.9226
30801, 2956500, 61.4078
30812, 2958000, 68.9036
30823, 2959500, 68.8768
30834, 2961000, 68.8416
30846, 2962500, 68.9497
30857, 2964000, 68.863
30868, 2965500, 68.8836
30879, 2967000, 68.8369
30890, 2968500, 68.7955
30902, 2970000, 61.3241
30913, 2971500, 68.8167
30925, 2973000, 68.7893
30936, 2974500, 68.8248
30948, 2976000, 62.8744
30959, 2977500, 68.7497
30970, 2979000, 68.7665
30981, 2980500, 68.8211
30993, 2982000, 61.2848
31004, 2983500, 68.8624
31015, 2985000, 68.8644
31027, 2986500, 68.8492
31038, 2988000, 68.8126
31049, 2989500, 68.8723
31060, 2991000, 68.8047
31071, 2992500, 68.8619
31083, 2994000, 68.8311
31094, 2995500, 68.8912
31105, 2997000, 68.8857
31116, 2998500, 68.7908
31128, 3000000, 68.8951
